{
   "year":[2010,2011,2012,2013,2014,2015,2016,2017,2018,2019,2020],
   "unemp_rate":[12.964062500000002,12.620312500000004,11.171875,10.390625000000004,8.889062499999998,7.5531250000000005,6.7546875,6.0015624999999995,5.271875000000001,4.932812499999999,5.062500000000001]
}